サービス名,URL,favicon_url,favicon_img,KeyWord,metaDiscription,OGP_url,ogp_img,OGP文章,Title,ドメイン
Peing,https://peing.net/ja/,https://s3.peing.net/t/uploads/event_theme/favicon_image/5/1ea6d906.ico,,"質問, twitter",Peing-質問箱-は、匿名で質問をする＆質問を受け取れるサービスです。質問箱は5秒で作成完了。URLをTwitterやInstagramに投稿して、いろんな人の質問に回答しよう！,https://s3.peing.net/t/uploads/event_theme/ogp_image/5/82847b13.png,,Peing-質問箱-は、匿名で質問をする＆質問を受け取れるサービスです。質問箱は5秒で作成完了。URLをTwitterやInstagramに投稿して、いろんな人の質問に回答しよう！,Peing(ペイング) -質問箱- 匿名で質問を受け取ろう,peing.net
マシュマロ,https://marshmallow-qa.com/,https://marshmallow-qa.com/assets/favicon/apple-touch-icon-e7561df9a3e3afbba110977f4cbeff235538569cf23440415df72149b4e7f7be.png,,なし,匿名のメッセージは怖い。 素敵な本音と一緒に、最低な悪口が届く。 でもマシュマロなら怖くない。 匿名のメッセージを受け付けるのに、悪口は来ない。 そんな安全な場所がマシュマロです。,https://marshmallow-qa.com/assets/card-0127e6a2b7fb93bda6f48c1f32d0a77e77a87ce81fef186d16599109a5bc3e17.png,,匿名のメッセージは怖い。 素敵な本音と一緒に、最低な悪口が届く。 でもマシュマロなら怖くない。 匿名のメッセージを受け付けるのに、悪口は来ない。 そんな安全な場所がマシュマロです。,マシュマロ,marshmallow-qa.com
ナナピ,https://nanapi.jp/,https://asset.nanapi.com/assets/apple-touch-icon-precomposed-0e3eab636d2127f7df0978fb303fa2254f85c596544f2b7d9158259bc0f36d28.png,,"nanapi,ナナピ,ななぴ,知恵,howto,ハウツー,liferecipe,ライフレシピ,らいふれしぴ",nanapiは、生活をもっと便利にするための知識や方法が集まる情報サイトです。,https://asset.nanapi.com/assets/common/logo_1200-630.png,,nanapiは、生活をもっと便利にするための知識や方法が集まる情報サイトです。,nanapi [ナナピ] | わかる・できる・たのしい！暮らしの情報サイト,nanapi.jp
LIPS,https://lipscosme.com/,https://cdn.lipscosme.com/assets/favicon/apple-touch-icon-199086cda383f3dd906aea284fdc031e33543b597964d57198e34ab15d3ac542.png,,なし,化粧品・コスメのクチコミサービスLIPS[リップス]はかわいくなりたい女子のためのサイト。リアルなクチコミから魅力的なコスメに出会ったり、メイク、美容、スキンケア、ファッション、ヘア、ネイルの記事からトレンドを知れます。かわいくなりたい・キレイになりたい女の子はLIPSまで！,,画像なし,化粧品・コスメのクチコミサービスLIPS[リップス]はかわいくなりたい女子のためのサイト。リアルなクチコミから魅力的なコスメに出会ったり、メイク、美容、スキンケア、ファッション、ヘア、ネイルの記事からトレンドを知れます。かわいくなりたい・キレイになりたい女の子はLIPSまで！,LIPS（リップス）｜コスメ・メイク・化粧品のクチコミ検索アプリ,lipscosme.com
showroom,https://www.showroom-live.com/,https://www.showroom-live.com/assets/img/v3/apple-touch-icon.png,,"showroom,ショールーム,アイドル,DeNA,ディーエヌエー,ショウルーム",HOWROOMはアーティストやアイドル、タレント等の配信が無料で視聴でき、さらに誰でもすぐに生配信が可能な、双方向コミュニケーションの仮想ライブ空間です。,https://image.showroom-live.com/showroom-prod/assets/img/icon/1024.png?t=1410538379,,SHOWROOMはアーティストやアイドル、タレント等の配信が無料で視聴でき、さらに誰でもすぐに生配信が可能な、双方向コミュニケーションの仮想ライブ空間です。,SHOWROOM,www.showroom-live.com
PinQul,https://pinqul.tv/,https://pinqul.tv/assets/favicon-b2c26cd465f6b246bad86c709918dfc82b290ab904e6ac6a47886ca41d40258e.ico,,"PinQul, 生放送, ライブ, ショッピング, ピンクル, ファッション",PinQulはライブ配信中にかわいいアイテムに出会い、その場で購入もできる新感覚のライブショッピングアプリです。,,画像なし,なし,PinQul | 次の「かわいいジブン」にライブで出会おう。,pinqul.tv
さるわか,https://saruwakakun.com/,https://saruwakakun.com/wp-content/uploads/2017/03/cropped-favicon-01-192x192.png,,なし,サルワカはあらゆることを分かりやすく解説するメディアです。何か分からないことがあったときはサルワカへどうぞ！,https://saruwakakun.com/wp-content/uploads/2017/home/tips-min.png,,サルワカはあらゆることを分かりやすく解説するメディアです。何か分からないことがあったときはサルワカへどうぞ！,サルワカ | サルでも分かる図解説明マガジン,saruwakakun.com
LIG,https://liginc.co.jp/,https://liginc.co.jp/wp-content/themes/ligtheme/assets/images/favicon.png,,なし,株式会社LIG(リグ)は東京都上野を中心に「Life is Good」掲げて活動する社長がイケメンな事で有名な会社です。Webサイト・ホームページ制作、コンテンツ制作、記事制作、コワーキング・シェアオフィス運営、ゲストハウス運営、飲食事業、教育事業、地方創生事業、プロモーション、システム開発、Webマーケティングなどをおこなっています。,https://liginc.co.jp/wp-content/uploads/2017/10/150691334095133300_52.png,,株式会社LIG(リグ)は東京都上野を中心に「Life is Good」掲げて活動する社長がイケメンな事で有名な会社です。Webサイト・ホームページ制作、コンテンツ制作、記事制作、コワーキング・シェアオフィス運営、ゲストハウス運営、飲食事業、教育事業、地方創生事業、プロモーション、システム開発、Webマーケティングなどをおこなっています。,株式会社LIG | 東京都台東区上野発のWeb制作会社、世界へ,liginc.co.jp
note,https://note.mu/notes,https://d2l930y2yx77uc.cloudfront.net/assets/favicons/production-36438be8241bc3168212696ddadf52e4594326700f6ac8d0f9ed9a5ad07a6bb6.ico,,なし,note（ノート）は、文章、写真、イラスト、音楽、映像などを手軽に投稿できるクリエイターと読者をつなぐサービスです。ブログのように使うことも、SNSのように使うことも、コンテンツを販売することも自在に活用いただけます。,https://d2l930y2yx77uc.cloudfront.net/assets/default/default_profile_ogp-01444af7688b35c221fc94abeba7a850b620058f565afc1dca291d7b3fe191f8.png,,note（ノート）は、文章、写真、イラスト、音楽、映像などを手軽に投稿できるクリエイターと読者をつなぐサービスです。ブログのように使うことも、SNSのように使うことも、コンテンツを販売することも自在に活用いただけます。,note ――つくる、つながる、とどける。,note.mu
GameWith,https://gamewith.co.jp/,https://gamewith.co.jp/wp-content/themes/corporate2017/images/favicon.ico,,"GameWith,ゲームウィズ,GameWorks,ゲームワークス",「ゲームをより楽しめる世界を創る」、株式会社GameWithのコーポレートサイトです。,https://gamewith.co.jp/wp-content/themes/corporate2017/images/gamewith-2.png,,,株式会社GameWith｜ゲームをより楽しめる世界を創る,gamewith.co.jp
シャープ株式会社,http://www.sharp.co.jp/,assets/noimage.png,,"SHARP,シャープ,アクオス,AQUOS,液晶,液晶テレビ,太陽光発電,ソーラー,デジタル複合機,プラズマクラスター,ヘルシオ, ロボット家電,COCOROBO,スマートフォン,スマホ,イグゾー,IGZO,ロボホン,RoBoHoN",シャープ株式会社の公式サイトです。製品情報、会社情報、投資家情報、社会環境活動、採用情報、ニュースリリース、サポート・お問い合わせなどを掲載しています。,,画像なし,,シャープ株式会社,www.sharp.co.jp
ウーバーイーツ,https://www.ubereats.com/ja-JP/,https://d3i4yxtzktqr9n.cloudfront.net/web-eats/static/favicon-6540f9632b.ico,,なし,タップして地域の人気レストランの料理を注文できます。Uber アカウントを使ってお気に入りのレストランにオンラインで注文しましょう。お好きな料理を玄関先までお届けします。,https://d3i4yxtzktqr9n.cloudfront.net/web-eats/static/images/components/head/ubereats_banner-960b85ce97.png,,タップして地域の人気レストランの料理を注文できます。Uber アカウントを使ってお気に入りのレストランにオンラインで注文しましょう。お好きな料理を玄関先までお届けします。,お気に入りのレストランの料理をすぐにお届け | Uber Eats をダウンロード | Uber Eats,www.ubereats.com
アプリマーケティング,https://appmarketinglabo.net/,,,"アプリ開発,トレンド,広告・マネタイズ",アプリビジネスを行う人のためのマーケティング情報サイト。アプリマーケティングに役立つ記事を発信,assets/noimage.png,,アプリビジネスを行う人のためのマーケティング情報サイト。アプリマーケティングに役立つ記事を発信,アプリマーケティング研究所 | アプリビジネスを行う人のためのマーケティング情報サイト。アプリマーケティングに役立つ記事を発信,appmarketinglabo.net
Pixiv,https://www.pixiv.net/,https://s.pximg.net/common/images/apple-touch-icon.png?20180709,,"pixiv,ピクシブ,イラスト,イラストレーション,マンガ,漫画,manga,コミュニティ,SNS,投稿,コンテスト",pixiv(ピクシブ)は、作品の投稿・閲覧が楽しめる「イラストコミュニケーションサービス」です。幅広いジャンルの作品が投稿され、ユーザー発の企画やメーカー公認のコンテストが開催されています。,https://s.pximg.net/www/images/share/pictures.jpg,,pixiv(ピクシブ)は、作品の投稿・閲覧が楽しめる「イラストコミュニケーションサービス」です。幅広いジャンルの作品が投稿され、ユーザー発の企画やメーカー公認のコンテストが開催されています。,イラスト コミュニケーションサービス[pixiv(ピクシブ)],www.pixiv.net
ペコったー,http://pecotter.jp/,http://pecotter.jp/assets/web/favicon-3df3dd52c5683e8d36f31a5897ceaa41cdd056f7635101b5da97560bca7f74e1.ico,,なし,ペコッターは、チャットでお店の予約を依頼できるサービスです。,http://pecotter.jp/assets/web/pecotter_icon_1024x1024-133b2982d904a17e823d4314197554b9275ba73339ef04b39f8313b05fe18fed.png,,ペコッターは、チャットでお店の予約を依頼できるサービスです。,予約代行アプリ「ペコッター」,pecotter.jp
Swarm,https://ja.swarmapp.com/,assets/noimage.png,,"Swarm,Foursquare,foursq,4sq,チェックイン, ステッカー,プラン,待ち合わせ,最新情報,友達,ゲーム,シェア,プラン,ハチ,ハチミツ",Swarm は、出かけたスポットに基づいて賞を獲得したり、友達と競い合ったりできます。,assets/noimage.png,,,Swarm | すべての場所を忘れずに。,ja.swarmapp.com
mery,https://mery.jp/,assets/noimage.png,,なし,MERYは、かわいくなりたい女の子のためのサービスです。ファッション・ヘアスタイル・美容・コスメ・おでかけ・恋愛などの、女の子の「好き」を毎日お届け！,https://mery.jp/images/ogp.png,,MERYは、かわいくなりたい女の子のためのサービスです。,MERY [メリー]｜女の子の毎日をかわいく。,mery.jp
wear,http://wear.jp/,https://wear.jp/favicon.ico,,"コーディネート,コーデ,着こなし,スナップ,着まわし,スタイル,ファッション,人気,WEAR,ウェア",WEAR（ウェア）は日本最大級のファッションコーディネートサイトです。モデルや俳優、ショップスタッフの着こなし700万枚以上の中からコーデを探せます。気にいったアイテムはそのまま購入も！,http://i7.wimg.jp/content/ogp/ogp.png,,WEAR（ウェア）は日本最大級のファッションコーディネートサイトです。モデルや俳優、ショップスタッフの着こなし700万枚以上の中からコーデを探せます。気にいったアイテムはそのまま購入も！,ファッションコーディネート - WEAR,wear.jp
ズボラ旅,https://www.cocolocala.jp/lp/zubora,https://www.cocolocala.jp/favicon.ico,,なし,行き先、予算、日程、宿…いままでの旅行は、考えることが多すぎました。これからは「旅行にいきたい！」という気持ちだけで大丈夫。面倒なことはおまかせして、もっと気軽に旅に出ましょう。ズボラ旅はそんな、あたらしい旅行のかたちです。,https://www.cocolocala.jp/images/zubora-ogp.jpg,,行き先、予算、日程、宿…いままでの旅行は、考えることが多すぎました。これからは「旅行にいきたい！」という気持ちだけで大丈夫。面倒なことはおまかせして、もっと気軽に旅に出ましょう。ズボラ旅はそんな、あたらしい旅行のかたちです。,"ズボラ旅 by こころから｜全部""おまかせ""で、旅にでよう。",www.cocolocala.jp
NewsPicks,https://newspicks.com/,https://newspicks.com/np_logo.png,,"newspicks,dow jones,news,economics,politics",「経済を、もっとおもしろく。」ビジネスパーソンや就活生必携のソーシャル経済メディア。国内外の最先端の経済ニュースを厳選。専門家や著名人の解説コメントでニュースがわかる。,https://newspicks.com/ogp.png,,「経済を、もっとおもしろく。」ビジネスパーソンや就活生必携のソーシャル経済メディア。国内外の最先端の経済ニュースを厳選。専門家や著名人の解説コメントでニュースがわかる。,NewsPicks | 経済を、もっとおもしろく。,newspicks.com
AbemaTV,https://abema.tv/,https://abema.tv/favicon.ico?v=2,,なし,AbemaTV(アベマTV)は最新ニュースやオリジナル番組をはじめ、アニメやドラマ、音楽、スポーツなど多彩な番組が楽しめる約20チャンネルをすべて無料で提供しています。PC、スマホ、タブレット、テレビでお楽しみいただけます。,https://hayabusa.io/abema/assets/splash.v1.w800.png,,AbemaTV(アベマTV)は最新ニュースやオリジナル番組をはじめ、アニメやドラマ、音楽、スポーツなど多彩な番組が楽しめる約20チャンネルをすべて無料で提供しています。PC、スマホ、タブレット、テレビでお楽しみいただけます。,AbemaTV(アベマTV) | 無料で楽しめるインターネットテレビ局,abema.tv
食べログ,https://tabelog.com/,https://tblg.k-img.com/images/smartphone/favicon.png?20140320,,"グルメ,レストラン","お店選びで失敗したくない人のためのグルメサイト「食べログ」は全国にあるレストラン900,101件の飲食店情報を掲載中。独自のランキングやユーザーの口コミ・写真をもとに、様々なジャンルの人気のレストラン、目的や予算にぴったりのお店が見つけられます！",https://tabelog.com/images/rst/area/icon_fb_tabelog.gif,,"全国にあるレストラン900,101件を一般ユーザーの口コミをもとに集計した様々なグルメランキングから探すことができます。美味しいレストランや、人気のレストランが簡単に見つかります！",食べログ - ランキングと口コミで探せるグルメサイト,tabelog.com
Retty,https://retty.me/,https://retty.me/favicon.ico,,"retty,れってぃ,レッティ,グルメ,口コミ",日本最大級の実名型グルメサービスRetty。Rettyでは、全国の信頼できる実名口コミを検索することができます。地図情報・営業時間・写真の情報も揃っています。,https://retty.me/images/icon.png,,日本最大級の実名型グルメサービスRetty。Rettyでは、全国の信頼できる実名口コミを検索することができます。地図情報・営業時間・写真の情報も揃っています。,Rettyグルメ[レッティ],retty.me
クックパッド,https://cookpad.com/,https://assets.cpcdn.com/assets/device/apple-touch-icon.png?92b8bd477aedd34713e3d853583626f4d29101bdc7e6ceb52dcfe037b49e0988,,"レシピ,簡単,料理,COOKPAD,くっくぱっど,recipe",日本最大の料理レシピサービス。293万品を超えるレシピ、作り方を検索できる。家庭の主婦が実際につくった簡単実用レシピが多い。利用者は6000万人。自分のレシピを公開することもできる。,https://cookpad.com/assets/logos/og_image_1200x630.png,,,レシピ検索No.1／料理レシピ載せるなら クックパッド,cookpad.com
クラシル,https://www.kurashiru.com/,https://www.kurashiru.com/files/kurashiru_icon.png,,"料理,レシピ,献立,簡単,料理動画,レシピ動画,おかず,kurashiru,クラシル,くらしる",kurashiru [クラシル]は料理レシピ動画でおいしい料理を簡単に学べ、きょうの献立、冷蔵庫の残り物、スーパーの材料で、家族も喜ぶ美味しい料理のレシピや作り方を分かりやすいレシピ動画でみれます。,https://www.kurashiru.com/files/kurashiru_ogp.png,,,kurashiru [クラシル] | 料理動画(レシピ動画)で簡単おいしい,www.kurashiru.com
DELISH KITCHEN,https://delishkitchen.tv/,https://delishkitchen.tv/s/images/favicon.ico,,"DELISH KITCHEN, デリッシュ, デリッシュキッチン, レシピ動画, 料理動画, 料理, cook, cooking, recipe, 簡単料理, 簡単レシピ, レシピ サイト, 1分料理動画, 1分レシピ動画, 1分動画",DELISH KITCHEN（デリッシュキッチン）はCMで話題の国内No1レシピ動画（料理動画）メディア。毎日の朝ごはんや、お弁当のおかず、ダイエットにうれしい野菜たっぷりのレシピなど、家族が喜ぶおいしいご飯のレシピが1分ほどの料理動画と解説で簡単に作れます！,assets/noimage.png,,DELISH KITCHEN（デリッシュキッチン）はCMで話題の国内No1レシピ動画（料理動画）メディア。毎日の朝ごはんや、お弁当のおかず、ダイエットにうれしい野菜たっぷりのレシピなど、家族が喜ぶおいしいご飯のレシピが1分ほどの料理動画と解説で簡単に作れます！,DELISH KITCHEN | 料理レシピ動画で作り方が簡単にわかる,delishkitchen.tv
Airbnb,https://www.airbnb.jp/,https://a0.muscache.com/airbnb/static/icons/apple-touch-icon-120x120-52b1adb4fe3a8f825fc4b143de12ea4b.png,,なし,Airbnbで一生忘れられない旅をしよう。近場に眠る大冒険、遠い異国のアドベンチャーを探し、世界中のユニークな家、体験、スポットにアクセス。,https://a0.muscache.com/airbnb/static/logos/trips-og-1280x630-9de9c338cc3fd9b5663fb80be0cbe8c2.jpg,,Airbnbで一生忘れられない旅をしよう。近場に眠る大冒険、遠い異国のアドベンチャーを探し、世界中のユニークな家、体験、スポットにアクセス。,現地の人から借りる家、体験&スポット - Airbnb,www.airbnb.jp
menta,https://menta.work/,https://menta.work/resource/img/favicon.ico,,,MENTAは、なにか困った時に相談できる関係がつくれる場所。個人が得意なことを教えたり、教えてもらったりできるプラットフォームです。,https://menta.work/resource/img/ogp.png,,MENTAは、なにか困った時に相談できる関係がつくれる場所。個人が得意なことを教えたり、教えてもらったりできるプラットフォームです。,メンターに教えてもらおう｜MENTA（メンタ）,menta.work
TimeTIcket,https://www.timeticket.jp/,https://res.cloudinary.com/timeticket/image/upload/favicon_lg.ico,,"TimeTicket,タイムチケット",わたしの30分、売りはじめます。,https://www.timeticket.jp/app_img,,わたしの30分、売りはじめます。,タイムチケット | 個人の時間を30分単位で売り買い,www.timeticket.jp
REQU,https://requ.ameba.jp/,https://requ.ameba.jp/favicon.ico,,"REQU, リキュー, Ameba, アメーバ, スキルシェア, 知識, 特技, スキル, マーケット",REQU [リキュー] は、知識や特技のマーケットです。タレント、インフルエンサー、専門家を中心に、個性的な販売者にオーダーメイドや相談をお願いしたり、特別な作品、記事を購入したりできます。,https://hayabusa.io/static/images/bb68bb37-ba07-44ba-93f4-90776bfc892b.png,,REQU [リキュー] は、知識や特技のマーケットです。タレント、インフルエンサー、専門家を中心に、個性的な販売者にオーダーメイドや相談をお願いしたり、特別な作品、記事を購入したりできます。,REQU [リキュー] - 知識や特技のマーケット,requ.ameba.jp
KidsLine,https://kidsline.me/,https://kidsline.me/img/favicon.png,,"キッズライン, KIDSLINE, kidsline, キッズサポーター, シッター, 育児保育, 病児保育, マッチング",ベビーシッターなら1時間1000円の料金から利用できる業界最安値で安全安心のkidsline(キッズライン)。キッズラインが一人ひとり面談し厳選したベビーシッターで、病児保育などの急なご依頼にもすぐに対応できるベビーシッターが待っています。入会金不要で手続きもオンラインで簡単。手軽にベビーシッターをご利用いただけます。,https://kidsline.me/img/common/fb_share_image.jpg,,業界最安値で安全安心のベビーシッターサービス。全員面談と研修を経たベビーシッターで、病児保育等の急な依頼に対応できる方も登録しています。入会金不要で手続きもオンラインで簡単！すぐにご利用いただけます。,キッズライン | ベビーシッターマッチング・病児保育/一時保育,kidsline.me
Cash,https://cash.jp/,https://cash.jp/images/favicon.ico,,なし,目の前のアイテムが、一瞬でキャッシュに変わるアプリ「CASH（キャッシュ）」。必要なキャッシュをいつでも、どこでも、瞬間的に。,https://cash.jp/images/ogp.png,,目の前のアイテムが、一瞬でキャッシュに変わるアプリ「CASH（キャッシュ）」。必要なキャッシュをいつでも、どこでも、瞬間的に。,CASH（キャッシュ）｜目の前のアイテムが 一瞬でキャッシュに変わる,cash.jp
TRAVEL Now,https://travel.app/,https://travel.app/images/favicon.ico,,なし,思い立ったらすぐトラベル。ボタンひとつで即予約。お支払いもあとでいいから、行きたい時にすぐ旅行に行けます！,https://travel.app/images/ogp.png,,思い立ったらすぐトラベル。ボタンひとつで即予約。お支払いもあとでいいから、行きたい時にすぐ旅行に行けます！,TRAVEL Now（トラベルナウ）｜思い立ったら すぐトラベル,travel.app
メルカリ,https://www.mercari.com/jp/,https://www-mercari-jp.akamaized.net/apple-touch-icon-114x114.png?1142669995,,なし,CMで話題！フリマアプリ「メルカリ」は、スマホから誰でも簡単に売り買いが楽しめるフリマアプリです。購入時はクレジットカード・キャリア決済・コンビニ・銀行ATMで支払いでき、品物が届いてから出品者に入金される独自システムで安心です。,https://www.mercari.com/jp/assets/img/common/jp/ogp.png,,CMで話題！フリマアプリ「メルカリ」は、スマホから誰でも簡単に売り買いが楽しめるフリマアプリです。購入時はクレジットカード・キャリア決済・コンビニ・銀行ATMで支払いでき、品物が届いてから出品者に入金される独自システムで安心です。,メルカリ スマホでかんたん フリマアプリ,www.mercari.com
ラクマ,https://fril.jp/,https://asset.fril.jp/assets/favicon-72213fdd23ea24fe6c1280c75ac8b2bf8ad1025a118738e90c45d8264a6c0e7b.ico,,なし,楽天のフリマアプリ「ラクマ」は販売手数料が安い！オークションよりも簡単、フリーマーケットのように自由に販売、通販ショッピング感覚で購入できます。手数料が安く、PC/スマホサイトで無料で使えるフリマサイトです。楽天スーパーポイントも利用できます。,https://static.fril.jp/img/rakuma_ogp.png,,楽天のフリマアプリ「ラクマ」は販売手数料が安い！オークションよりも簡単、フリーマーケットのように自由に販売、通販ショッピング感覚で購入できます。手数料が安く、PC/スマホサイトで無料で使えるフリマサイトです。楽天スーパーポイントも利用できます。,ラクマ（旧フリル） | 楽天のフリマアプリ - 中古/未使用品がお得！,fril.jp
minne,https://minne.com/,https://minne.com/favicon-152.png,,"ハンドメイド,マーケット,手作り,minne,ミンネ",ハンドメイドマーケット minne(ミンネ) は手作り・クラフトなどの販売・購入が楽しめるハンドメイドマーケットです。アクセサリーやファッション、バッグ、インテリア家具など1点モノのハンドメイド作品がたくさん！きっと好みの作家さんに出会えます。また手作り品やアート作品、素材・材料などの販売も簡単に行えます。,https://minne.com/ogimage.jpg,,ハンドメイドマーケット minne(ミンネ) は手作り・クラフトなどの販売・購入が楽しめるハンドメイドマーケットです。アクセサリーやファッション、バッグ、インテリア家具など1点モノのハンドメイド作品がたくさん！きっと好みの作家さんに出会えます。また手作り品やアート作品、素材・材料などの販売も簡単に行えます。,minne | ハンドメイド・手作り・クラフト作品のマーケット,minne.com
creama,https://www.creema.jp/,https://www.creema.jp/apple-touch-icon-32x32.png,,"ハンドメイド, 手仕事, 手作り, 販売, 出品, クリーマ, Creema, アクセサリー, ジュエリー, プレゼント",ハンドメイド、手作り、クラフト作品を通販・販売できるマーケットプレイス Creema。全国の作家による手仕事のアクセサリー、雑貨、バッグ、ジュエリー等をネット・アプリで直接売買できる場です。ハンドメイドインジャパンフェス in 東京ビッグサイト開催。,assets/noimage.png,,,Creema ｜ ハンドメイド・手作り・クラフト作品の通販、販売サイト,www.creema.jp
ポケットマルシェ,https://poke-m.com/,https://poke-m.com/assets/favicon-93bb85986ce97e2a21dac5affe5019a02f811b3171dd251e7ad8c8ae5ad51b4c.ico,,"ポケットマルシェ,ポケマル,pocket marche,野菜,食材,生産者,農家,漁師,通販,肉,魚",ポケットマルシェは、全国の農家さん漁師さんから直接食材を買えて、直接話せるオンラインの産直市場です。スマホ1つで簡単！生産者直送ならではの、旬の野菜や果物、魚、肉などがおいしい鮮度で届きます。,https://poke-m.com/assets/ogp-fdfa30259e6483ac74ad41534163f323bca38c5c81e5874f56fade016aad25db.png,,ポケットマルシェは、全国の農家さん漁師さんから直接食材を買えて、直接話せるオンラインの産直市場です。スマホ1つで簡単！生産者直送ならではの、旬の野菜や果物、魚、肉などがおいしい鮮度で届きます。,ポケットマルシェ（ポケマル）｜旬の食べものを農家・漁師から,poke-m.com
CAMPFIRE,https://camp-fire.jp/,https://camp-fire.jp/favicon.ico,,"クラウドファンディング,資金調達,CAMPFIRE,キャンプファイヤー,ソーシャルファンディング,クリエイター,少額出資,プレオーダー",安心と愛情たっぷりのクラウドファンディングを。充実のサポート体制で、だれでもあんしんしてクラウドファンディングを始められます。プロジェクト掲載数・PV数も国内No.1。,https://cdn.camp-fire.jp/img/default_og.png?1530262819,,安心と愛情たっぷりのクラウドファンディングを。充実のサポート体制で、だれでもあんしんしてクラウドファンディングを始められます。プロジェクト掲載数・PV数も国内No.1。,クラウドファンディング - CAMPFIRE（キャンプファイヤー）,camp-fire.jp
Readyfor,https://readyfor.jp/,https://readyfor.jp/assets/favicon/favicon-96x96-5dcf6b334d73295abcf7550052cbdaa0fb0f91f604456de4a563a0e53b4b0270.png,,"Readyfor, レディーフォー, クラウドファンディング, ソーシャルファンディング, 資金調達, 米良はるか, クリエーター",日本初・実績No.1のクラウドファンディングサイト「Readyfor」では、アイデア相談から実現まで1対1の担当者制であなたのクラウドファンディング挑戦を徹底的にサポート！まずは無料相談から。,https://readyfor.jp/assets/og_image/top-3c805b351d3b7fb9f6ab3efc2d698c89c5db8cbba8b9d824bd469a7c1350ba01.png,,日本初・実績No.1のクラウドファンディングサイト「Readyfor」では、アイデア相談から実現まで1対1の担当者制であなたのクラウドファンディング挑戦を徹底的にサポート！まずは無料相談から。,クラウドファンディング - Readyfor（レディーフォー）,readyfor.jp
MAKUAKE,https://www.makuake.com/,https://cdn-m.makuake.com/rev_2018/07/14/205301/img/favicon.ico,,"クラウドファンディング,資金調達,Makuake,マクアケ,crowdfunding",クラウドファンディングとは、自らのアイデアをネット上でプレゼンテーションすることで、そのアイデアへの賛同者を集められる仕組みです。Makuake（マクアケ）は、アイデアを持っている勇敢なチャレンジャーを全力で応援します。あなたのアイデアを是非実現させましょう。,https://cdn-m.makuake.com/rev_2018/07/14/205301/img/logo_fb.jpg,,Makuakeは面白いアイデアが毎日続々と登場する国内最大級のクラウドファンディングサービスです。熱い挑戦を応援します。,クラウドファンディング　-　Makuake（マクアケ）：サイバーエージェントグループ,www.makuake.com
Progate,https://prog-8.com/,https://d2aj9sy12tbpym.cloudfront.net/assets/favicons/favicon-production-d7d37d18a28bdcdada2ff34b42b235600dbf53b51b68fc30d2214fa99f0274b4.ico,,なし,Progateはオンラインプログラミング学習サービスです。「初心者から、創れる人を生み出す」ことが、私たちの理念です。プログラミング初心者のハードルを出来る限り取り払うこと、そして本当に創れるようになるレベルの高い学習を提供することを目指しています。,https://prog-8.com/images/ogp/default.png,,Progateはオンラインでプログラミングを学べるサービスです。プログラミングを学んでWEBアプリケーションを作ろう。,Progate | プログラミングの入門なら基礎から学べるProgate[プロゲート],prog-8.com
TechCamp,https://tech-camp.in/,https://tech-camp.in/assets/favicon-f05a2d99b01370f21203e86ac5c1fa28.ico,,"tech::camp, techcamp, テックキャンプ, プログラミングスクール",TECH::CAMP(テックキャンプ)は、あなたを最新のテクノロジーを使いこなせる人材に変えるテクノロジー人材育成スクールです。,https://tech-camp.in/assets/school/ogp-6c7418fd0947f27155af38f04d3e2bc1.jpg,,TECH::CAMP(テックキャンプ)は、あなたを最新のテクノロジーを使いこなせる人材に変えるテクノロジー人材育成スクールです。,TECH::CAMP(テックキャンプ) - 人生を変えるテクノロジースクール,tech-camp.in
TechAcademy,https://techacademy.jp/,https://assets.techacademy.jp/assets/favicon-072db586cd93bb182182205ead94c1e8f539ef88c48f1ba0cb74fcf74571b6e6.ico,,"プログラミング, ブートキャンプ, エンジニア, ruby on rails, パーソナルメンター","プログラミングやアプリ開発を学べるオンラインスクール【TechAcademy（テックアカデミー）】。現役のプロのパーソナルメンターが学習をサポートするオンラインブートキャンプを開催。500社・25,000名を超える教育実績。日本e-Learning大賞受賞。運営会社は東証マザーズ上場企業の100％子会社。",https://techacademy.jp/assets/og-image-1175cf1a544b1c01145476c9c8b29d5794c1fe1a7debebf7f5532d3d6af71682.jpg,,プログラミング学習で、もう挫折しない。パーソナルメンターがつくオンラインブートキャンプ。,TechAcademy [テックアカデミー] | オンラインのプログラミングスクール,techacademy.jp
CrowdWorks,https://crowdworks.jp/,https://cw-assets.crowdworks.jp/assets/cw_theme-rails/favicon-253d48d252e4b3153f5758f8d9480a90.ico,,なし,日本最大級のクラウドソーシング、クラウドワークス。実績のあるプロに依頼できるから安心クオリティーでどこよりも早くリーズナブル！ホームページ作成、アプリ・ウェブ開発やロゴ・チラシ作成、ライティング、データ入力まで、幅広い仕事に対応！,http://s3-ap-northeast-1.amazonaws.com/cw-assets/images/logomark.png,,日本最大級のクラウドソーシング、クラウドワークス。実績のあるプロに依頼できるから安心クオリティーでどこよりも早くリーズナブル！ホームページ作成、アプリ・ウェブ開発やロゴ・チラシ作成、ライティング、データ入力まで、幅広い仕事に対応！,クラウドソーシングは日本最大級の「クラウドワークス」,crowdworks.jp
Lancers,https://www.lancers.jp/,assets/noimage.png,,"仕事,発注,仕事マーケットプレイス,CtoC,ランサーズ,Lancers,フリーランス,マッチング,クラウドソーシング",日本最大級のクラウドソーシング、ランサーズ。「エンジニアとデザイナー、ライターの登録者数は業界屈指！」 ホームページ制作、アプリ開発、ロゴなどのデザイン、ライティングなどの仕事を実績とスキルのあるプロに依頼できます。会員登録・発注手数料は無料です！NHKなどTVでも話題で大...,https://static.lancers.jp/img/icon/lancers_logo200_200.png?v=2.0,,クラウドソーシング「ランサーズ」は、実績とスキルのあるフリーランスに仕事を発注できる仕事依頼サイトです。ロゴ作成、会社のネーミング、システム開発、ホームページ制作、タスク・作業など、全141種類の仕事ができます。 専門業者と比較するとクラウドソーシングは個人とのやりとりのため、ローコストかつハイスピードで仕事をすることができます。 登録・依頼・見積もりすべてが無料ですので、この機会にぜひ、日...,クラウドソーシングなら日本最大級の「ランサーズ」,www.lancers.jp
タベリー,https://tabe.ly/,https://tabe.ly/favicon-16x16.png,,なし,タベリーはあなたにピッタリの献立が10秒でつくれるアプリです。あまりものから簡単に美味しい献立を作ることもできます。,https://tabe.ly/og-image.png,,タベリーはあなたにピッタリの献立が10秒でつくれるアプリです。あまりものから簡単に美味しい献立を作ることもできます。,タベリー,tabe.ly
pixta,https://pixta.jp/,https://pixta.jp/assets/favicon-e77ff40d0ec2c75e6701252efda45070be4df82ed6767fd938152d85e1bef487.ico,,なし,"ピクスタなら3,420万点以上の高品質の画像素材(写真やイラスト)を定額制プランなら最安1点39円から購入可能！ロイヤリティフリーだから何度でもご利用いただけます。無料のフリー画像も毎週更新！",https://pixta.jp/img/og-image.jpg,,"ピクスタなら3,420万点以上の高品質の画像素材(写真やイラスト)を定額制プランなら最安1点39円から購入可能！ロイヤリティフリーだから何度でもご利用いただけます。無料のフリー画像も毎週更新！",写真素材・ストックフォト - 画像素材ならPIXTA（ピクスタ）,pixta.jp
snapmart,https://snapmart.jp/,https://snapmart.jp/assets/default/apple-touch-icon-0e937330a42468aff48857859f63e6d26458fdbc4e40ce9d9e5ebbacfe891383.png,,"Snapmart,スナップマート,フォトストック,フォトコンテスト,インスタグラム,インスタグラマー,Instagram,スマホ写真","スナップマートなら、WebやSNSで自然に馴染むオシャレで""リアル""な写真素材が、1点300円〜、定額プランなら最安1点60円から購入OK! 豊富な日本のスナップ写真を追加料金なしで何度でもご利用いただけます。",https://snapmart.jp/assets/default/default_ogp-a19b61f1efe1f1ab80c536694c3fb0d2dd5e13c793f62163699c8573634d2cb8.png,,"スナップマートなら、WebやSNSで自然に馴染むオシャレで""リアル""な写真素材が、1点300円〜、定額プランなら最安1点60円から購入OK! 豊富な日本のスナップ写真を追加料金なしで何度でもご利用いただけます。",写真素材・画像素材-自然でおしゃれならスナップマート | Snapmart,snapmart.jp